﻿<addon id="repository.barclay" name="Barclay Repository" version="1.0.1" provider-name="Barclay">
  <extension point="xbmc.addon.repository" name="Barclay Repository">
    <info compressed="false">https://raw.githubusercontent.com/Barclay6969/Barclay-Repository/main/zips/addons.xml</info>
    <checksum>https://raw.githubusercontent.com/Barclay6969/Barclay-Repository/main/zips/addons.xml.md5</checksum>
    <datadir zip="true">https://raw.githubusercontent.com/Barclay6969/Barclay-Repository/main/zips/</datadir>
  </extension>
  <extension point="xbmc.addon.metadata">
    <summary>Offizielles Repository fÃ¼r die Barclay Video-Addons.</summary>
    <description>Installiere dieses Repository, um die Addons zu erhalten und automatisch zu aktualisieren.</description>
    <platform>all</platform>
    <assets>
      <icon>resources/icon.png</icon>
    </assets>
  </extension>
</addon>

